{
  "clean_Pt": {
    "1": -2.75083,
    "2": -0.87126,
    "3": -0.54655,
    "4": -0.17645,
    "5": -0.17635,
    "6": -0.17625,
    "7": -0.17615,
    "8": -0.17605,
    "9": -0.17595,
    "10": -0.0526,
    "11": -0.03864,
    "12-bulk": -0.03854,
    "12-111": -0.00591,
    "12-100": 0.0
  },
  "clean_Pd": {
    "1": -0.78316,
    "2": -0.53966,
    "3": -0.53956,
    "4": -0.17896,
    "5": -0.17179,
    "6": -0.17169,
    "7": -0.17159,
    "8": -0.16332,
    "9": -0.16251,
    "10": -0.15876,
    "11": -0.11871,
    "12-bulk": -0.09337,
    "12-111": -0.05418,
    "12-100": -0.0605
  },
  "dilute_Pd_on_Pt": {
    "1": -1.4169,
    "2": -0.5513,
    "3": -0.44031,
    "4": -0.09739,
    "5": -0.09729,
    "6": -0.09719,
    "7": -0.09709,
    "8": -0.09279,
    "9": -0.03015,
    "10": -0.03005,
    "11": -0.02995,
    "12-bulk": -0.02985,
    "12-111": 0.48772,
    "12-100": 0.332
  },
  "dilute_Pt_on_Pd": {
    "1": -1.89631,
    "2": -0.83543,
    "3": -0.6651,
    "4": -0.32191,
    "5": -0.32181,
    "6": -0.32171,
    "7": -0.32161,
    "8": -0.32151,
    "9": -0.32141,
    "10": -0.32131,
    "11": -0.32121,
    "12-bulk": 0.13065,
    "12-111": -0.0342,
    "12-100": 0.38002
  }
}
